step,stopping_distance,Radar_distance,speed,steer,gps_x,gps_y,actual_x,actual_y,time,risk_time
0,9.201738494740931e-17,4.503972,3.553137376289377e-08,-0.008868851718318289,236.043624873463,38.02387193002167,235.36822509324125,10.252447217281603,0.4439361095428467,0.0003600120544433594
1,7.775643721434926e-17,4.9774537,3.266218484089624e-08,-0.014944943180609356,236.043624873463,38.02387193002167,235.36822509324125,10.252447217281603,0.2746460437774658,0.00031685829162597656
2,7.56694077839344e-17,4.721788,3.2220867070821975e-08,-0.017430670099535233,236.043624873463,38.02387193002167,235.36822509324125,10.252447217281603,0.2788858413696289,0.00032806396484375
3,5.530666263087206e-18,5.053245,-8.710955236342136e-09,-0.015021335146821593,236.043624873463,38.02387193002167,235.36822509324125,10.252447217281603,0.2754843235015869,0.00029969215393066406
4,1.645351927180617e-16,5.234666,-4.751234412330975e-08,-0.0168926443355412,236.043624873463,38.02387193002167,235.36822509324125,10.252447217281603,0.2780313491821289,0.0003209114074707031
5,2.4610317301515033e-18,4.868832,-5.8107964460716245e-09,-0.0191608653033041,236.043624873463,38.02387193002167,235.36822509324125,10.252447217281603,0.2755308151245117,0.0003108978271484375
6,4.205822757359137e-18,5.1623254,-7.596307539256646e-09,-0.023486331659975747,236.043624873463,38.02387193002167,235.36822509324125,10.252447217281603,0.2776615619659424,0.0003116130828857422
7,7.056786372177991e-17,5.789564,3.1115769157499875e-08,-0.024223246508800332,236.043624873463,38.02387193002167,235.36822509324125,10.252447217281603,0.269329309463501,0.00032210350036621094
8,1.1998351127151049e-17,5.789564,-1.2830330372383729e-08,-0.024769457732811223,236.043624873463,38.02387193002167,235.36822509324125,10.252447217281603,0.27669525146484375,0.0005059242248535156
9,4.948047867634444e-17,5.282236,2.6055175444418825e-08,-0.024389611987766718,236.043624873463,38.02387193002167,235.36822509324125,10.252447217281603,0.27588391304016113,0.0004639625549316406
10,4.656254249586605e-17,5.2145844,2.527524644871504e-08,-0.027346679351985245,236.043624873463,38.02387193002167,235.36822509324125,10.252447217281603,0.26615166664123535,0.0003330707550048828
11,2.3330971067147043e-17,5.012175,-1.7891364482376894e-08,-0.02871366966536965,236.043624873463,38.02387193002167,235.36822509324125,10.252447217281603,0.2702913284301758,0.0003364086151123047
12,3.9001223897790675e-17,5.932813,2.3132159256707707e-08,-0.028042720783580503,236.043624873463,38.02387193002167,235.36822509324125,10.252447217281603,0.2752726078033447,0.00046706199645996094
13,2.4826208670761935e-17,5.397628,-1.8455773702634463e-08,-0.028470981281086973,236.043624873463,38.02387193002167,235.36822509324125,10.252447217281603,0.2708299160003662,0.0004496574401855469
14,4.3933727800985854e-17,5.066077,-2.4551389887937628e-08,-0.031173475162653126,236.043624873463,38.02387193002167,235.36822509324125,10.252447217281603,0.27378153800964355,0.00032138824462890625
15,4.203876906750734e-17,5.6762958,-2.401607610760344e-08,-0.03020516735488578,236.043624873463,38.02387193002167,235.36822509324125,10.252447217281603,0.2751579284667969,0.00029206275939941406
16,1.4507814095010646e-17,5.706589,1.4108409172672377e-08,-0.03076633384726685,236.043624873463,38.02387193002167,235.36822509324125,10.252447217281603,0.27585577964782715,0.0003006458282470703
17,5.085111547901687e-17,5.1518273,-2.641358181640861e-08,-0.029730940775245292,236.043624873463,38.02387193002167,235.36822509324125,10.252447217281603,0.2716243267059326,0.00029921531677246094
18,1.113220033423886e-16,5.0634804,-3.908117047706698e-08,-0.031074511603194317,236.043624873463,38.02387193002167,235.36822509324125,10.252447217281603,0.27277326583862305,0.00037980079650878906
19,1.2303731130824198e-16,5.2785997,-4.108615230401942e-08,-0.03127548048059569,236.043624873463,38.02387193002167,235.36822509324125,10.252447217281603,0.27639055252075195,0.0003285408020019531
20,1.019471816145656e-16,5.153188,3.739940282613935e-08,-0.032238925668024124,236.043624873463,38.02387193002167,235.36822509324125,10.252447217281603,0.27374935150146484,0.00027942657470703125
21,2.1649497206301826e-20,5.199329,-5.450055978340599e-10,-0.030609454599962165,236.043624873463,38.02387193002167,235.36822509324125,10.252447217281603,0.27379512786865234,0.0003933906555175781
22,9.523813095240182e-19,5.3937855,3.6147851342326738e-09,-0.033597352204865524,236.043624873463,38.02387193002167,235.36822509324125,10.252447217281603,0.2733790874481201,0.00034737586975097656
23,1.7500925997223436e-18,5.8941593,4.900129637896385e-09,-0.033995273381533755,236.043624873463,38.02387193002167,235.36822509324125,10.252447217281603,0.27658915519714355,0.00032806396484375
24,1.4747176747583353e-16,5.3825865,4.498124775690906e-08,-0.032663685361605056,236.043624873463,38.02387193002167,235.36822509324125,10.252447217281603,0.27538633346557617,0.00032782554626464844
25,7.332666119223931e-17,4.8096037,-3.1718161856537704e-08,-0.032682462263127175,236.043624873463,38.02387193002167,235.36822509324125,10.252447217281603,0.267855167388916,0.0002963542938232422
26,0.0,6.164057,0.0,-0.03172410139265735,236.043624873463,38.02387193002167,235.36822509324125,10.252447217281603,0.28220438957214355,0.00028705596923828125
27,4.78551729479343e-16,5.130528,-8.102919059485036e-08,-0.03380683576690385,236.043624873463,38.02387193002167,235.36822509324125,10.252447217281603,0.2695777416229248,0.0002663135528564453
28,4.0297288572349627e-19,5.405017,2.3513374900524954e-09,-0.03445811806764679,236.043624873463,38.02387193002167,235.36822509324125,10.252447217281603,0.27343225479125977,0.00028252601623535156
29,9.602550733543199e-18,5.252985,1.1478109429004966e-08,-0.036483494505382026,236.043624873463,38.02387193002167,235.36822509324125,10.252447217281603,0.27153682708740234,0.00038051605224609375
30,1.551894022535849e-17,6.2569175,1.4591773706164666e-08,-0.037882518405973786,236.043624873463,38.02387193002167,235.36822509324125,10.252447217281603,0.2768714427947998,0.00045871734619140625
31,2.6738089256317898e-17,6.752851,1.9153239532692155e-08,-0.036812765213558835,236.043624873463,38.02387193002167,235.36822509324125,10.252447217281603,0.2680854797363281,0.0003237724304199219
32,3.621117267982467e-17,5.8002863,2.2289398582447092e-08,-0.03690289197869821,236.043624873463,38.02387193002167,235.36822509324125,10.252447217281603,0.2696197032928467,0.0004932880401611328
33,2.336432660316755e-16,4.9233975,-5.661789125315944e-08,-0.03451116231288897,236.043624873463,38.02387193002167,235.36822509324125,10.252447217281603,0.2797682285308838,0.00032782554626464844
34,4.469256332913224e-17,5.9933147,2.4762511360435443e-08,-0.035812126041340514,236.043624873463,38.02387193002167,235.36822509324125,10.252447217281603,0.27127861976623535,0.0003933906555175781
35,1.2801048814357567e-16,5.3108783,4.190827957969473e-08,-0.03716575100261153,236.043624873463,38.02387193002167,235.36822509324125,10.252447217281603,0.2761497497558594,0.0003910064697265625
36,3.680449991896979e-18,5.4829907,7.1060378474102254e-09,-0.03971617688845036,236.043624873463,38.02387193002167,235.36822509324125,10.252447217281603,0.2740137577056885,0.0003311634063720703
37,7.824853566380357e-18,4.8494043,1.03613218717854e-08,-0.040167370220413834,236.043624873463,38.02387193002167,235.36822509324125,10.252447217281603,0.2768397331237793,0.00030732154846191406
38,6.25046831464583e-08,5.0378866,0.0009260476514572066,-0.039222960011323776,236.043624873463,38.02386048570483,235.36822509324125,10.252447217281603,0.2779710292816162,0.00028896331787109375
39,0.026556812194037167,5.651246,0.6036219539597528,-0.039403295076970005,236.043624873463,38.00223412187822,235.36822509324125,10.252447217281603,0.26606106758117676,0.0004591941833496094
40,0.09444806208925877,5.1253953,1.1383441535250358,-0.02063448924200765,236.04359435589137,37.951710294819925,235.36822509324125,10.252447217281603,0.26912856101989746,0.0003504753112792969
41,0.1869240059739246,5.4287443,1.6014360311802174,-0.015648187426705387,236.0435028031765,37.876611225899325,235.36822509324125,10.252447217281603,0.2714109420776367,0.0003361701965332031
42,0.29075308681472,5.268274,1.9972812398603155,-0.014891833622359327,236.0435333207481,37.780831874607486,235.36822509324125,10.252447217281603,0.27853822708129883,0.00032711029052734375
43,0.3974199926298671,6.1423697,2.3350807906541,-0.017834233107887662,236.04373168502855,37.66767207697534,235.36822509324125,10.252447217281603,0.2779994010925293,0.00032019615173339844
44,0.503063782648256,6.1207633,2.627172453025129,-0.01713521921594256,236.0426177933399,37.53971830556249,235.36822509324125,10.252447217281603,0.2687821388244629,0.0004258155822753906
45,0.6047875413425647,6.1421847,2.88057026771089,-0.015371721290488348,236.0413360550722,37.398992420263845,235.36822509324125,10.252447217281603,0.2703368663787842,0.00033593177795410156
46,0.7017790650938853,5.5836062,3.1029677363917445,-0.01642827898432939,236.04032897507884,37.24709666340614,235.36822509324125,10.252447217281603,0.275562047958374,0.0003218650817871094
47,0.7942869201313607,5.9813347,3.30115382013657,-0.016689695462756476,236.0393524125274,37.08526703702879,235.36822509324125,10.252447217281603,0.27651357650756836,0.00039315223693847656
48,0.882530060406556,6.2056427,3.479700048679189,-0.01633278060744661,236.03808593298064,36.914132994378456,235.36822509324125,10.252447217281603,0.2668452262878418,0.0004031658172607422
49,0.9674731150184199,5.958128,3.6433132088873066,-0.01563424625169948,236.03742980512584,36.734869506411435,235.36822509324125,10.252447217281603,0.27120208740234375,0.0003192424774169922
50,1.050030946680445,5.89847,3.7955796116608735,-0.014590143218082482,236.03694152385012,36.54800684018569,235.36822509324125,10.252447217281603,0.27908992767333984,0.0002918243408203125
51,1.130984929779857,6.226679,3.9391767206587267,-0.013675726978375023,236.03689574755754,36.35428125413435,235.36822509324125,10.252447217281603,0.2692437171936035,0.0003116130828857422
52,1.193637234561321,5.972876,4.046813914449406,-0.014374739921682743,236.036483760146,36.15432220150404,235.36822509324125,10.252447217281603,0.27356410026550293,0.0004374980926513672
53,1.1989429944773955,6.6219845,4.0557980576244015,-0.01477060535369068,236.03654479528925,35.95202464178584,235.36822509324125,10.252447217281603,0.2722506523132324,0.000423431396484375
54,1.1381259022015158,6.9118934,3.9515930177847007,-0.01082280818847947,236.0359649614284,35.75382802976982,235.36822509324125,10.252447217281603,0.2702782154083252,0.0003364086151123047
55,1.0323834609722717,6.9405866,3.7635490012140895,-0.008931571495985254,236.03614806685812,35.564172858476894,235.36822509324125,10.252447217281603,0.2708733081817627,0.0005774497985839844
56,0.9099270424776047,7.0818024,3.5332986036836367,-0.0071368643492110105,236.0365753129906,35.38563415298577,235.36822509324125,10.252447217281603,0.28005194664001465,0.0005769729614257812
57,0.7815117917042589,5.3889513,3.274498707005766,-0.004476247638122395,236.03689574755754,35.219676804836816,235.36822509324125,10.252447217281603,0.2760915756225586,0.00038433074951171875
58,0.6540668889286466,4.935324,2.9956297695311136,-0.005491229875621833,236.03726195841702,35.0673041328898,235.36822509324125,10.252447217281603,0.27386999130249023,0.0003895759582519531
59,0.5523237552437668,5.789746,2.7527952924154167,-0.0009364850252903648,236.0374755814184,34.92782945914983,235.36822509324125,10.252447217281603,0.2647063732147217,0.00037789344787597656
60,0.4658184868039569,4.9231625,2.528048583186306,0.0016855316306138277,236.03755187541233,34.79901728170867,235.36822509324125,10.252447217281603,0.2719080448150635,0.0003135204315185547
61,0.36987973213407227,5.2923536,2.252720560761914,0.002093932831342201,236.03770446327044,34.682946691537616,235.36822509324125,10.252447217281603,0.2908773422241211,0.0003268718719482422
62,0.29696132853094653,4.7923946,2.0184918695512715,0.006795456075343783,236.03762816940625,34.57957954935127,235.36822509324125,10.252447217281603,0.27342772483825684,0.0003612041473388672
63,0.26700593839995157,4.841468,1.913980531470301,0.008014196611026776,236.03739928755422,34.48325080440613,235.36822509324125,10.252447217281603,0.2718946933746338,0.0004906654357910156
64,0.2591349642927481,5.9032807,1.8855587262391231,0.005521006809242872,236.03713988813053,34.38859296136071,235.36822509324125,10.252447217281603,0.2843146324157715,0.00030493736267089844
65,0.2653200600670306,5.0648146,1.9079285165119946,0.004307996992000993,236.0366210892832,34.29316832693842,235.36822509324125,10.252447217281603,0.2727193832397461,0.0003275871276855469
66,0.2806591050077174,5.165576,1.9623055115618167,-0.0006684973356992985,236.0359497025777,34.195431893052934,235.36822509324125,10.252447217281603,0.2795133590698242,0.0003151893615722656
67,0.3084581352735178,5.1263323,2.05719362626678,0.003961825455073132,236.03547668015264,34.09337705362504,235.36822509324125,10.252447217281603,0.27420473098754883,0.0004134178161621094
68,0.34461158898457045,7.0511656,2.1744127944960927,0.009200300226125727,236.03501891644854,33.985527450649286,235.36822509324125,10.252447217281603,0.27950215339660645,0.0005583763122558594
69,0.3838669977377234,5.0189743,2.294919434089477,0.011349399327085157,236.03445434130862,33.871577903397814,235.36822509324125,10.252447217281603,0.28193163871765137,0.0004525184631347656
70,0.42552546394652213,5.16328,2.416238681369513,0.003494041925654498,236.03385924846734,33.75160852525258,235.36822509324125,10.252447217281603,0.2744917869567871,0.0005450248718261719
71,0.46902994013808136,5.2761283,2.5367480715858397,0.0027736267743100193,236.03289794476657,33.62544382614184,235.36822509324125,10.252447217281603,0.2655501365661621,0.00034308433532714844
72,0.5151055124451867,5.8388505,2.658429542182369,0.003824082832492516,236.03157043007656,33.49332413988338,235.36822509324125,10.252447217281603,0.2731058597564697,0.0003452301025390625
73,0.5635384445133929,5.285783,2.7806019957418844,0.0035913787617888725,236.03062438522645,33.35532196086135,235.36822509324125,10.252447217281603,0.278562068939209,0.00031638145446777344
74,0.6141357360116227,5.222385,2.90274737069547,0.00468489489382007,236.02970885781824,33.21141438462192,235.36822509324125,10.252447217281603,0.26502037048339844,0.0003223419189453125
75,0.6666524378198776,7.10205,3.0243133843715206,0.0048079611474216195,236.02864074255191,33.061685346702035,235.36822509324125,10.252447217281603,0.2721102237701416,0.0004432201385498047
76,0.7212840005533059,5.227213,3.1457934591437113,0.00703801127096909,236.02755736856463,32.9058906911289,235.36822509324125,10.252447217281603,0.2976067066192627,0.00035262107849121094
77,0.7778235024935346,5.447448,3.2667626871585416,0.006594273327659748,236.02632140671923,32.74416012754285,235.36822509324125,10.252447217281603,0.2666919231414795,0.00030922889709472656
78,0.8362192408998542,5.4162707,3.3871710888506947,0.006206924762091863,236.02499389202924,32.576508909759596,235.36822509324125,10.252447217281603,0.26647257804870605,0.0003819465637207031
79,0.8799066927053101,5.6257977,3.4745244025502044,0.006516133591961341,236.02171325236603,32.23018917243173,235.36822509324125,10.252447217281603,0.2761054039001465,0.0002911090850830078
80,0.8742169321501837,5.6257977,3.4632724855403048,0.005155918968544919,236.02171325236603,32.23018917243173,235.36822509324125,10.252447217281603,0.26999592781066895,0.00031375885009765625
81,0.8145573471228397,6.3078523,3.343011636612317,0.005370019311496739,236.0200347855375,32.06133626024731,235.36822509324125,10.252447217281603,0.2744743824005127,0.00031065940856933594
82,0.7196301726872508,5.396785,3.1421849037364242,0.006773476147139726,236.0183715775596,31.90186978563131,235.36822509324125,10.252447217281603,0.26935577392578125,0.00027871131896972656
83,0.6147336943951657,5.106003,2.90416016898202,0.008255353515147,236.0168762162905,31.754101544882896,235.36822509324125,10.252447217281603,0.2704172134399414,0.00027441978454589844
84,0.5286874357591502,5.0649233,2.693249267820478,0.009980145138029702,236.01542663131403,31.617821721307873,235.36822509324125,10.252447217281603,0.2796666622161865,0.0003287792205810547
85,0.45267615390268034,5.5018377,2.4921309820201616,0.014911091590339858,236.01394652876587,31.49109428264158,235.36822509324125,10.252447217281603,0.27496957778930664,0.00036597251892089844
86,0.3905101612765592,4.758302,2.3146920772997848,0.004918896700466013,236.01242064979544,31.374018415072694,235.36822509324125,10.252447217281603,0.27356624603271484,0.000324249267578125
87,0.36745789518706967,5.3730216,2.2453334545155195,0.006768136741619809,236.01081847696082,31.261728277943554,235.36822509324125,10.252447217281603,0.27070093154907227,0.00029349327087402344
88,0.3646735968688806,4.9287624,2.2368106198426907,0.0017708425906220572,236.0088806108383,31.150157234354268,235.36822509324125,10.252447217281603,0.2722499370574951,0.0004601478576660156
89,0.3766921661865796,4.6968756,2.2733711795656846,-0.0004088870628527285,236.00741576701114,31.037035452610127,235.36822509324125,10.252447217281603,0.2719888687133789,0.00030303001403808594
90,0.40019059107118743,5.4703193,2.343206117586904,-0.003132835280064206,236.0057983353258,30.920579482900308,235.36822509324125,10.252447217281603,0.2730598449707031,0.0005068778991699219
91,0.43109660731375365,5.384674,2.4320044104287106,0.00409740186418573,236.0043640092,30.7997059214594,235.36822509324125,10.252447217281603,0.28331565856933594,0.0003070831298828125
92,0.4670420257076471,5.4763784,2.5313665464939916,0.0034693033599356654,236.00306701221135,30.673909285120466,235.36822509324125,10.252447217281603,0.27219629287719727,0.0003020763397216797
93,0.5071268240695581,5.064976,2.637760418657149,0.004206696748873244,236.00189208537947,30.54286913617588,235.36822509324125,10.252447217281603,0.27291440963745117,0.0003085136413574219
94,0.5507376043419625,5.273743,2.7488397427954445,0.0013991057504945744,236.000671382255,30.406379467430334,235.36822509324125,10.252447217281603,0.2750399112701416,0.0005927085876464844
95,0.5974029183669999,5.6350036,2.862929974692926,0.005115651208838155,235.9989776567055,30.264302950245717,235.36822509324125,10.252447217281603,0.2837073802947998,0.00030303001403808594
96,0.6468413689601787,5.915212,2.9790373582977527,0.006271700568632971,235.99711608444719,30.11654229052666,235.36822509324125,10.252447217281603,0.28053998947143555,0.00033473968505859375
97,0.6987961681731896,5.709004,3.0963661649320744,0.0077503724909172645,235.99514770062333,29.963030746105744,235.36822509324125,10.252447217281603,0.27228760719299316,0.0003285408020019531
98,0.7530695705911292,5.108903,3.214360668703855,0.00585768106299357,235.99298095251905,29.803732063462817,235.36822509324125,10.252447217281603,0.2726402282714844,0.0002865791320800781
99,0.8095138418456936,5.7237377,3.3326460823380146,0.00525413044834801,235.9906005815431,29.63861763338778,235.36822509324125,10.252447217281603,0.26864099502563477,0.0002880096435546875
100,0.8680238097764994,6.2280807,3.4509834352157607,0.006957834336486988,235.98803710487798,29.467674100486278,235.36822509324125,10.252447217281603,0.2655622959136963,0.0003223419189453125
101,0.9118229715658269,6.2447886,3.5369776886323647,0.0063395210268603515,235.98538207562768,29.291756001171034,235.36822509324125,10.252447217281603,0.27202558517456055,0.0002815723419189453
102,0.9056898650928952,5.2170935,3.525062403571676,0.006950361919807517,235.9827117875267,29.114962384722855,235.36822509324125,10.252447217281603,0.2677469253540039,0.0004067420959472656
103,0.8823163370158364,5.1753526,3.4792786815455408,0.006217969747162205,235.979858393996,28.940856328608348,235.36822509324125,10.252447217281603,0.2711372375488281,0.0003063678741455078
104,0.8785878446956858,5.55076,3.4719195309259128,0.006791755440905973,235.97697448289367,28.767780270501987,235.36822509324125,10.252447217281603,0.2650930881500244,0.0004031658172607422
105,0.8664594873449071,5.3564367,3.447872411556455,0.0061509632198109175,235.97399901894673,28.595347021036638,235.36822509324125,10.252447217281603,0.2716541290283203,0.0003197193145751953
106,0.8166034977117678,5.6156693,3.3472077898758323,0.004699659011757221,235.97105407270115,28.42673051926582,235.36822509324125,10.252447217281603,0.27336645126342773,0.0003161430358886719
107,0.7311518618415961,5.4836345,3.1672391044041337,0.005897239241936561,235.9681396440272,28.266092775615185,235.36822509324125,10.252447217281603,0.2682609558105469,0.0003094673156738281
108,0.6237981040671989,5.089888,2.9254931187411755,0.00513324558641263,235.96537780321134,28.11694727762104,235.36822509324125,10.252447217281603,0.26955318450927734,0.0003025531768798828
109,0.5154171286566973,5.8940873,2.6592335371625198,0.0037788551222197216,235.96293639696245,27.98092486732808,235.36822509324125,10.252447217281603,0.27396059036254883,0.0003027915954589844
110,0.43073183981656743,4.9782076,2.4309752862345815,0.005133681485290911,235.96060180214934,27.857308362273972,235.36822509324125,10.252447217281603,0.2819488048553467,0.0003211498260498047
111,0.3916122150870938,5.0323,2.3179559079056977,0.005560889896490129,235.9583892777525,27.741023994036116,235.36822509324125,10.252447217281603,0.2655658721923828,0.00031447410583496094
112,0.3853725558545102,5.214312,2.2994154618780573,0.001975114101630751,235.9562835649212,27.626360944095733,235.36822509324125,10.252447217281603,0.27318620681762695,0.0002815723419189453
113,0.3955257368767368,5.0372,2.329509199369865,0.003034668066651443,235.9540405229527,27.51038748665424,235.36822509324125,10.252447217281603,0.2731950283050537,0.0002887248992919922
114,0.4170515908233691,5.2250705,2.392059327461722,0.0031627094490171794,235.951675410568,27.391373590314217,235.36822509324125,10.252447217281603,0.27477145195007324,0.0003457069396972656
115,0.4461456385960577,5.29067,2.4740893600551117,0.0019175161598611573,235.94944762732047,27.26829496182375,235.36822509324125,10.252447217281603,0.2745511531829834,0.0003044605255126953
116,0.48098670570075436,5.250113,2.5688786663083856,0.00230553683501612,235.94705199749384,27.1405335985811,235.36822509324125,10.252447217281603,0.27202391624450684,0.0003914833068847656
117,0.520402242048598,5.062011,2.672062641650971,0.001398276167101633,235.94451903853007,27.00770038432144,235.36822509324125,10.252447217281603,0.2748851776123047,0.00034928321838378906
118,0.5636304746460462,5.521408,2.780829033245977,0.0010654140126814468,235.94198607956628,26.869535909256225,235.36822509324125,10.252447217281603,0.2746617794036865,0.00031828880310058594
119,0.6101394880619992,4.9139123,2.893287710583002,-0.00023208050140656353,235.9392852738937,26.72587231813167,235.36822509324125,10.252447217281603,0.2898368835449219,0.00034546852111816406
120,0.659552666582771,5.1976013,3.0081659837042936,-0.0012458669814825534,235.9365386917988,26.576593253537776,235.36822509324125,10.252447217281603,0.2755765914916992,0.00030875205993652344
121,0.7115850095704561,5.251705,3.1245713836151445,-0.002142918413862641,235.93084716345834,26.26181054451891,235.36822509324125,10.252447217281603,0.28224802017211914,0.0003566741943359375
122,0.7500914442616536,5.251705,3.207998537292355,-0.0017911613000135228,235.93084716345834,26.26181054451891,235.36822509324125,10.252447217281603,0.2849771976470947,0.00034618377685546875
123,0.7791084828336851,5.963311,3.2694599530317174,-0.0022730211852653825,235.9280395463499,26.099126071653345,235.36822509324125,10.252447217281603,0.2827613353729248,0.000400543212890625
124,0.7917385093701453,5.4556074,3.2958538117699328,-0.003800137172875374,235.92529296425502,25.93437966321765,235.36822509324125,10.252447217281603,0.2776768207550049,0.0003795623779296875
125,0.7585442926906932,5.262023,3.2260235113396667,-0.0022514738357087617,235.92259215858243,25.771843960143,235.36822509324125,10.252447217281603,0.27692508697509766,0.0004017353057861328
126,0.7202933670139927,5.015159,3.143632452344259,-0.003136102861535888,235.92002868204702,25.61413976793951,235.36822509324125,10.252447217281603,0.2815399169921875,0.0004315376281738281
127,0.6805902888656233,4.9680324,3.0557648409582097,-0.0023556309003206098,235.91766356979204,25.46036868400459,235.36822509324125,10.252447217281603,0.2808985710144043,0.0003921985626220703
128,0.6120400062487459,5.112482,2.8977903453722793,0.0004794909779188268,235.91534423382964,25.3135215604705,235.36822509324125,10.252447217281603,0.280367374420166,0.0003819465637207031
129,0.5202802191196909,5.3742456,2.67174935319954,-0.0020809173716718503,235.91326903856995,25.177088986747755,235.36822509324125,10.252447217281603,0.281296968460083,0.0004956722259521484
130,0.421814690853826,7.279719,2.40568026938629,0.0008704728246702053,235.91136168988933,25.053674603453217,235.36822509324125,10.252447217281603,0.27228355407714844,0.0003120899200439453
131,0.34697212622467344,5.036444,2.181847284253075,-0.00033186434767483377,235.90950011763104,24.942559307554927,235.36822509324125,10.252447217281603,0.2808096408843994,0.0003104209899902344
132,0.3152815647102219,5.393808,2.0798228452981866,-0.0006282381137289962,235.90789794479642,24.838339369175447,235.36822509324125,10.252447217281603,0.2618556022644043,0.0005335807800292969
133,0.3099681216969146,5.0617266,2.0622227400748128,-0.0022495926877748543,235.90617370154555,24.735399305353326,235.36822509324125,10.252447217281603,0.26984500885009766,0.00032210350036621094
134,0.3181986027557359,4.810821,2.0894221281992533,-0.002874691126295729,235.9044494584244,24.631389174175943,235.36822509324125,10.252447217281603,0.26596760749816895,0.0004107952117919922
135,0.3370876523296465,4.6141896,2.1505447193589697,-0.0032853007548557397,235.9027252153033,24.524500735613376,235.36822509324125,10.252447217281603,0.277052640914917,0.0003275871276855469
136,0.3681885309870723,5.489489,2.247564603107691,-0.004740790351050839,235.90103148962405,24.412960073094133,235.36822509324125,10.252447217281603,0.27684736251831055,0.00030875205993652344
137,0.40365248683372806,5.027387,2.3533193832029577,-0.004810751409536848,235.89927672893128,24.29610913365358,235.36822509324125,10.252447217281603,0.270643949508667,0.0003197193145751953
138,0.44270298393197416,5.091662,2.4645252969987315,-0.005671942451499598,235.8974914506669,24.173734278442485,235.36822509324125,10.252447217281603,0.273578405380249,0.0003998279571533203
139,0.4848790316567515,6.56058,2.5792518904385107,-0.009896474217307723,235.89573668984443,24.045709619975547,235.36822509324125,10.252447217281603,0.2755160331726074,0.0004918575286865234
140,0.5298780436590562,4.8985744,2.6962801707171034,-0.006884127428535458,235.89396667030098,23.911947413216904,235.36822509324125,10.252447217281603,0.27495551109313965,0.0003743171691894531
141,0.5774541415071089,5.4551954,2.8147239334395717,-0.008978983918155064,235.89219665075757,23.772380897014923,235.36822509324125,10.252447217281603,0.2729973793029785,0.0003666877746582031
142,0.6273848330132746,5.970995,2.9338915980216664,-0.006691420755883934,235.89073180706012,23.626971932084224,235.36822509324125,10.252447217281603,0.2663533687591553,0.00031495094299316406
143,0.6796245961734286,5.6653166,3.0535961519984007,-0.007158110980716671,235.88905334023156,23.47569570922149,235.36822509324125,10.252447217281603,0.28287601470947266,0.00035309791564941406
144,0.7339563034117655,7.0955405,3.173307498936941,-0.008608637780433586,235.88752746139085,23.31853506669751,235.36822509324125,10.252447217281603,0.2740144729614258,0.00039124488830566406
145,0.7903514829083743,5.2286754,3.2929655852290494,-0.01016759288458707,235.88589477098458,23.155480468108916,235.36822509324125,10.252447217281603,0.27403926849365234,0.00033020973205566406
146,0.8486774628412271,5.534184,3.412309304588556,-0.01401451953940581,235.88429259814995,22.986533815041117,235.36822509324125,10.252447217281603,0.2753274440765381,0.0004134178161621094
147,0.9088654690879805,6.474239,3.531236927181054,-0.011004317619760406,235.88284301317344,22.81169892648511,235.36822509324125,10.252447217281603,0.2776322364807129,0.0003044605255126953
148,0.9540132067910388,5.597697,3.6178807604968206,-0.008323733988998123,235.88157653362668,22.631845589505325,235.36822509324125,10.252447217281603,0.28044605255126953,0.00029921531677246094
149,0.9482201146618755,5.1650248,3.6068795340516893,-0.005939626102808861,235.8807830766347,22.451046158414012,235.36822509324125,10.252447217281603,0.2701835632324219,0.0003216266632080078
150,0.9244349754697948,5.5305,3.561354779216132,-0.00798207891465893,235.87995910194138,22.272890421466514,235.36822509324125,10.252447217281603,0.27576112747192383,0.0004799365997314453
151,0.890994528549118,5.8808208,3.4963473699982814,-0.0060569649582001405,235.8780212358189,21.928031130208954,235.36822509324125,10.252447217281603,0.2662668228149414,0.00033974647521972656
152,0.8199949618832981,4.968699,3.354151290123755,-0.007249302069554112,235.8772582962688,21.768468990975922,235.36822509324125,10.252447217281603,0.26811933517456055,0.0004138946533203125
153,0.7185796626808849,4.968699,3.139890598728201,-0.0056171605398065575,235.8772582962688,21.768468990975922,235.36822509324125,10.252447217281603,0.2765035629272461,0.0004134178161621094
154,0.6052028136114866,5.432378,2.8815590576543104,-0.005599717944213638,235.87654113327073,21.621499691370325,235.36822509324125,10.252447217281603,0.2741680145263672,0.0005373954772949219
155,0.4944564413395886,4.866238,2.6046002332755704,-0.009722070554357065,235.87600707557272,21.488185673421576,235.36822509324125,10.252447217281603,0.2808811664581299,0.0003345012664794922
156,0.3907626003666927,4.8557496,2.3154401043929043,-0.016234519798499512,235.8754882768551,21.369123959011198,235.36822509324125,10.252447217281603,0.2783222198486328,0.0003876686096191406
157,0.3140631391310287,4.980518,2.0758001514783917,-0.02382741579742382,235.87504577187192,21.26309570782898,235.36822509324125,10.252447217281603,0.2655949592590332,0.0004620552062988281
158,0.28172733772482683,4.809488,1.9660363866380053,-0.026368359530836032,235.8748931840138,21.164374815900054,235.36822509324125,10.252447217281603,0.27753615379333496,0.0003204345703125
159,0.27335220715229264,5.2654953,1.936592957265273,-0.02357312738030555,235.8751373245868,21.06739921551235,235.36822509324125,10.252447217281603,0.27684974670410156,0.0003082752227783203
160,0.2792772602191585,4.8406153,1.9574687763044536,-0.02353554331576017,235.87580871142202,20.969687347199432,235.36822509324125,10.252447217281603,0.2706878185272217,0.00033354759216308594
161,0.29472355846801535,4.7844806,2.010872254068162,-0.03488701699827041,235.8766326859856,20.869436688343754,235.36822509324125,10.252447217281603,0.2734088897705078,0.00035119056701660156
162,0.3230053599327452,4.7629585,2.1051445409465983,-0.030108508035948934,235.87757873083572,20.76485998279964,235.36822509324125,10.252447217281603,0.28005266189575195,0.00032711029052734375
163,0.35869815801297616,4.869687,2.2184090533393594,-0.024542399999740748,235.87869262252437,20.654675425948,235.36822509324125,10.252447217281603,0.2812783718109131,0.0004253387451171875
164,0.39730640852967836,4.8563404,2.334747079455757,-0.027076515441257727,235.88064574749754,20.53866749001033,235.36822509324125,10.252447217281603,0.28290891647338867,0.0003464221954345703
165,0.43892807431355924,5.0727396,2.4539953503586824,-0.022604524024545266,235.88262939004235,20.41678848031367,235.36822509324125,10.252447217281603,0.26009225845336914,0.00029540061950683594
166,0.48311486358088157,5.1608534,2.5745554816957616,-0.019742079966669705,235.88450622115133,20.289004073399585,235.36822509324125,10.252447217281603,0.2712411880493164,0.00034165382385253906
167,0.5295391810036791,5.769168,2.695417882883928,-0.029711333484350077,235.8867950395421,20.155316164525416,235.36822509324125,10.252447217281603,0.279524564743042,0.0003979206085205078
168,0.5783520068841836,5.513036,2.8169113465728737,-0.030622394393627766,235.88908385780317,20.01569615080914,235.36822509324125,10.252447217281603,0.27492570877075195,0.00031566619873046875
169,0.6293032546712286,5.992694,2.9383738111563096,-0.018078419011177314,235.8914031937656,19.870136394268766,235.36822509324125,10.252447217281603,0.27849745750427246,0.00032258033752441406
170,0.6819538424539684,6.077349,3.058824401378485,-0.010591710160868165,235.89474486857202,19.71867695792334,235.36822509324125,10.252447217281603,0.27983832359313965,0.00031566619873046875
171,0.736802355425015,5.217868,3.179454090945678,-0.011605810639918501,235.8986053422258,19.56130067055154,235.36822509324125,10.252447217281603,0.2811112403869629,0.00039267539978027344
172,0.793895410659346,6.001505,3.30034013917448,-0.007125927508802525,235.90194701703226,19.39796556754891,235.36822509324125,10.252447217281603,0.2708313465118408,0.0003523826599121094
173,0.8527443896075938,6.7536926,3.4204755554478368,-0.009220564863186263,235.90492248084948,19.228688816972735,235.36822509324125,10.252447217281603,0.282193660736084,0.0003197193145751953
174,0.8967385379797727,6.367977,3.5075992845652255,-0.008952178745893612,235.90812682664847,19.054365002434615,235.36822509324125,10.252447217281603,0.27884840965270996,0.0003657341003417969
175,0.9292765892138667,5.0684896,3.5706686774348375,-0.007696959308218441,235.91116332560892,18.87698738094746,235.36822509324125,10.252447217281603,0.27747535705566406,0.00032448768615722656
176,0.9659176297075981,5.195636,3.640383205046997,-0.0017189647775304108,235.91798400435897,18.511777512486628,235.36822509324125,10.252447217281603,0.2660868167877197,0.0004055500030517578
177,1.0099676792591978,5.195636,3.7224664618282586,0.0005479408570509698,235.91798400435897,18.511777512486628,235.36822509324125,10.252447217281603,0.2746734619140625,0.00034618377685546875
178,1.0418361147385704,6.0242705,3.7807395432921833,0.0017801458774540442,235.92155456101747,18.32366867817501,235.36822509324125,10.252447217281603,0.27042365074157715,0.00041484832763671875
179,1.024066172699292,5.1724653,3.74835802578066,-0.0007040555851096004,235.9247283891151,18.135716248472264,235.36822509324125,10.252447217281603,0.2702031135559082,0.0003192424774169922
180,0.9526786754239083,5.413555,3.6153494197402307,0.0026464975067896964,235.9275512650742,17.953184726196348,235.36822509324125,10.252447217281603,0.271512508392334,0.0003097057342529297
181,0.8458153802030542,5.916314,3.4065506038199262,0.00040118997386501726,235.9301147416096,17.78041542450758,235.36822509324125,10.252447217281603,0.2711753845214844,0.0003211498260498047
182,0.7288861122191993,5.015119,3.1623278545475664,-0.007316767263080913,235.93266295942405,17.619620966172587,234.76988219771832,-14.351213459279364,0.2806992530822754,0.00031685829162597656
183,0.6106377552603847,5.371845,2.894468863569356,-0.007171480127379588,235.934799189827,17.471983956965637,234.76988219771832,-14.351213459279364,0.27336549758911133,0.0003745555877685547
184,0.49672488222395866,5.5518284,2.610568019438052,-0.005533439496055125,235.93682860879412,17.3383074291276,234.76988219771832,-14.351213459279364,0.270658016204834,0.00035500526428222656
185,0.39100911749804235,5.7687316,2.316170350400234,-0.005600573140815965,235.93910216833422,17.21912354813782,234.76988219771832,-14.351213459279364,0.29662489891052246,0.0004956722259521484
186,0.31308249456749304,5.7702723,2.0725568328675585,-0.007543785675619212,235.94116210487294,17.113154347352417,234.76988219771832,-14.351213459279364,0.2750885486602783,0.0003914833068847656
187,0.280029340543926,4.922913,1.9601026892136708,-0.00631518168272855,235.94303893598192,17.014635567690956,234.76988219771832,-14.351213459279364,0.2739241123199463,0.00030612945556640625
188,0.2712480722542276,4.779587,1.9291250740498924,-0.005491444741989472,235.94491576709092,16.9179479166931,234.76988219771832,-14.351213459279364,0.28075480461120605,0.0003459453582763672
189,0.2768471900663605,4.766463,1.9489339259478415,-0.0032605669323238304,235.94691466835667,16.820585035181224,234.76988219771832,-14.351213459279364,0.27436017990112305,0.00032806396484375
190,0.2918842039965415,4.9754963,2.0011624818671145,-0.0009573256399953648,235.94894408732378,16.720748213200693,234.76988219771832,-14.351213459279364,0.27510619163513184,0.0004076957702636719
191,0.31966024124205644,5.048534,2.0942154879192865,-8.225794546319577e-06,235.9510498002848,16.616655915182243,234.76988219771832,-14.351213459279364,0.282639741897583,0.0004410743713378906
192,0.3552858259722042,4.907476,2.2078318623343223,7.425299345549875e-06,235.95314025439518,16.506965305423662,234.76988219771832,-14.351213459279364,0.2922351360321045,0.000415802001953125
193,0.3941155229746865,4.903205,2.325352656095995,-0.0006921800680089321,235.9552307083758,16.391405526655536,234.76988219771832,-14.351213459279364,0.267838716506958,0.0003285408020019531
194,0.435608500534551,5.41771,2.4446980646562553,-0.0012345079974378685,235.9573516800578,16.26996322981157,234.76988219771832,-14.351213459279364,0.27649450302124023,0.00032210350036621094
195,0.47961647018253883,5.296293,2.5652169442182533,-0.001409661558241153,235.95960998087696,16.142626970574916,234.76988219771832,-14.351213459279364,0.270383358001709,0.0003132820129394531
196,0.5260008372793721,5.2071323,2.6863974924558325,-0.0028316182458423362,235.96199035198262,16.009377672974818,234.76988219771832,-14.351213459279364,0.2746100425720215,0.00033354759216308594
197,0.5746415548759303,5.4527597,2.807860775198401,-0.0003730698354363977,235.96450805222545,15.870201984780945,234.76988219771832,-14.351213459279364,0.2729785442352295,0.00031375885009765625
198,0.6254347807077026,5.125764,2.9293284539821887,0.0011943376278149768,235.96716308147575,15.725091321964655,234.76988219771832,-14.351213459279364,0.2708582878112793,0.0004756450653076172
199,0.6782862522838035,5.124944,3.0505880386138315,0.0025356003735593833,235.97004699257806,15.574042821073709,234.76988219771832,-14.351213459279364,0.27446866035461426,0.00035119056701660156
200,0.7331281279642772,6.776835,3.171516658583064,0.0013856820571820372,235.97288512738783,15.417049809156984,234.76988219771832,-14.351213459279364,0.2682013511657715,0.00032782554626464844
201,0.7898862222287883,6.035527,3.291996198202388,-0.0024297223259797077,235.9756774857753,15.25411991470436,234.76988219771832,-14.351213459279364,0.29131388664245605,0.0003895759582519531
202,0.8322414809360069,5.7723823,3.379105372497581,-0.0043740608933586205,235.9784545854418,15.086148670538122,234.76988219771832,-14.351213459279364,0.2672007083892822,0.00034999847412109375
203,0.863792502649889,5.9114423,3.4425620018173206,-0.0031165438559376496,235.98132323769346,14.915133162154289,234.76988219771832,-14.351213459279364,0.2625255584716797,0.0005731582641601562
204,0.8995951582397528,5.4900546,3.513181687736831,0.0010272285120341519,235.9845581010641,14.740805402063748,234.76988219771832,-14.351213459279364,0.27435827255249023,0.0005373954772949219
205,0.9247446516416709,5.402979,3.56195123780825,0.0007579691740288633,235.98808288130027,14.563481053444363,234.76988219771832,-14.351213459279364,0.27490735054016113,0.000385284423828125
206,0.9038109229197638,6.3578143,3.521403961839533,0.0025018649308838283,235.9915618852439,14.38678233908063,234.76988219771832,-14.351213459279364,0.26963210105895996,0.0003490447998046875
207,0.8337244313965629,5.358297,3.3821146046165915,0.0023144402711904473,235.99459838420435,14.215856458333862,234.76988219771832,-14.351213459279364,0.27356505393981934,0.0003647804260253906
208,0.7317396190905716,6.600761,3.168511886347066,0.001763979673462271,235.99745177773505,14.054959852272848,234.76988219771832,-14.351213459279364,0.2749662399291992,0.0003123283386230469
209,0.6433837579804045,5.5265064,2.971064650843389,0.002183417321524523,236.0023345902329,13.76386387012502,234.76988219771832,-14.351213459279364,0.28726744651794434,0.0005164146423339844
210,0.5624297976807285,5.5265064,2.7778655158555816,0.0036060385296137047,236.0023345902329,13.76386387012502,234.76988219771832,-14.351213459279364,0.2798600196838379,0.0003695487976074219
211,0.4935332824510575,5.818274,2.6021676800753077,0.003923538924544364,236.0045623734804,13.632416082651071,234.76988219771832,-14.351213459279364,0.27582335472106934,0.0003380775451660156
212,0.46531374259577934,4.894639,2.5266785605640645,0.0020422098008962028,236.0066375687401,13.506010587773353,234.76988219771832,-14.351213459279364,0.26089930534362793,0.00034928321838378906
213,0.4610352191329159,4.984445,2.515035428478813,0.004055972498001372,236.00860595256395,13.380618894205433,234.76988219771832,-14.351213459279364,0.2762911319732666,0.00040149688720703125
214,0.4735374606446459,6.4230742,2.548908385965361,0.0036245398045279776,236.0105285599655,13.253765147237107,234.76988219771832,-14.351213459279364,0.2774322032928467,0.0003147125244140625
215,0.49709184530850437,4.7829704,2.6115321398812386,0.0027201558794826657,236.01261901407588,13.123868091589943,234.76988219771832,-14.351213459279364,0.2800309658050537,0.0002932548522949219
216,0.5284679376283081,4.938049,2.6926901240693084,0.003260446135809216,236.0166778520101,12.851441049172816,234.76988219771832,-14.351213459279364,0.27846455574035645,0.0003139972686767578
217,0.5657674735622731,4.938049,2.7860957875267656,0.0020918026660948033,236.0166778520101,12.851441049172816,234.76988219771832,-14.351213459279364,0.27942824363708496,0.0003228187561035156
218,0.6077801409828538,5.7898216,2.887688268197375,0.0011728576315126714,236.01884459998465,12.707923013178982,234.76988219771832,-14.351213459279364,0.27217531204223633,0.00031948089599609375
219,0.6536987998216244,4.8689785,2.9947867258876193,0.002868871865011077,236.0210266068099,12.55914809336496,234.76988219771832,-14.351213459279364,0.280059814453125,0.00039696693420410156
220,0.7029721972806837,6.7896605,3.105604377040157,0.001995262685363597,236.0233764603439,12.404940796494975,234.76988219771832,-14.351213459279364,0.2730977535247803,0.0003180503845214844
221,0.7551915308269721,6.742016,3.2188861121428416,0.0031514192411828874,236.0258331254435,12.245184780979201,234.76988219771832,-14.351213459279364,0.27743053436279297,0.0003314018249511719
222,0.7938245020427516,5.694199,3.300192747102289,0.0025298824617229587,236.0282440141208,12.080699282084936,234.76988219771832,-14.351213459279364,0.26966071128845215,0.00034308433532714844
223,0.8227485489190821,5.8691044,3.359778280061023,0.004067025072170791,236.03071593794132,11.913425109770623,234.76988219771832,-14.351213459279364,0.2664198875427246,0.00031065940856933594
224,0.8565769101097627,5.2007513,3.4281533231035546,0.005405685705568899,236.03312682661863,11.742998903021395,234.76988219771832,-14.351213459279364,0.27360987663269043,0.000316619873046875
225,0.880276922198458,5.5728397,3.475255296026875,0.006704057234919086,236.03558349158848,11.569695325441526,234.76988219771832,-14.351213459279364,0.28907179832458496,0.0003333091735839844
226,0.8978220074967258,5.457007,3.5097176443205624,0.00801939229798291,236.03791808640156,11.394935424529761,234.76988219771832,-14.351213459279364,0.27321505546569824,0.0003523826599121094
227,0.9011344822058962,5.5808115,3.516186157737513,0.008262209791845092,236.04013061079843,11.219121656125118,234.76988219771832,-14.351213459279364,0.2722465991973877,0.00034618377685546875
228,0.8592715281361337,5.645587,3.433541228240569,0.008588582792235075,236.04209899462228,11.046179525318568,234.76988219771832,-14.351213459279364,0.2795851230621338,0.00032329559326171875
229,0.7774237780747955,6.213343,3.2659231826829904,0.008236476579828378,236.04380797889274,10.880624873475334,234.76988219771832,-14.351213459279364,0.27010512351989746,0.0004189014434814453
230,0.6704297784050104,5.0983734,3.0328693608061563,0.008404408638540452,236.0452728227199,10.726160030433785,234.76988219771832,-14.351213459279364,0.26888585090637207,0.0004291534423828125
231,0.5602497519213802,4.780765,2.7724766178204887,0.008254019256665386,236.04652404341599,10.584548417659258,234.76988219771832,-14.351213459279364,0.27162790298461914,0.0003161430358886719
232,0.4728134722547589,4.7664633,2.5469591357804098,0.0075077964252694895,236.04760741740327,10.45519682276912,234.76988219771832,-14.351213459279364,0.2693901062011719,0.0003058910369873047
233,0.3979055099337219,4.9926023,2.336506707948998,0.007409186992083508,236.04852294481148,10.335881185007967,234.76988219771832,-14.351213459279364,0.2730295658111572,0.0003056526184082031
234,0.3383941098123506,4.83655,2.1547081441869222,0.007790536374830399,236.0493469193751,10.226495638907922,234.76988219771832,-14.351213459279364,0.2733304500579834,0.00033092498779296875
235,0.31732090978629096,4.921296,2.0865384928795137,0.0072476885921146355,236.05010985879542,10.121907286548684,234.76988219771832,-14.351213459279364,0.2840399742126465,0.00032138824462890625
236,0.3125332910516615,4.6858716,2.0707382145575033,0.010827551055836335,236.05087279821578,10.018281228163351,234.76988219771832,-14.351213459279364,0.2745070457458496,0.0003190040588378906
237,0.32262883204105836,5.950651,2.1039171978961817,0.01029383817681677,236.05157470262262,9.913362882708912,234.76988219771832,-14.351213459279364,0.27109670639038086,0.0003833770751953125
238,0.34367316966761874,4.9904413,2.171450180833014,0.009693910882662164,236.05226134804906,9.805322067568408,234.76988219771832,-14.351213459279364,0.26943182945251465,0.00033783912658691406
239,0.37560283065226613,5.1875806,2.2700816805897297,0.009095482909894108,236.0532379106005,9.574392975484493,234.76988219771832,-14.351213459279364,0.2714273929595947,0.0003342628479003906
240,0.41160842041354123,5.1875806,2.3763980155003046,0.009773262502619555,236.0532379106005,9.574392975484493,234.76988219771832,-14.351213459279364,0.27781128883361816,0.0003910064697265625
241,0.45117458084301676,5.656118,2.4879942220926057,0.011465560923481995,236.05372619187622,9.45077319881755,234.76988219771832,-14.351213459279364,0.27253150939941406,0.0004372596740722656
242,0.4938563540930948,4.8672996,2.6030192427558543,0.011192892182716008,236.05421447302223,9.321513133149887,234.76988219771832,-14.351213459279364,0.2660374641418457,0.00032019615173339844
243,0.539330046128106,5.0746346,2.720222092564799,0.010927553563021783,236.05462646043375,9.186519325525365,234.76988219771832,-14.351213459279364,0.27115607261657715,0.00030875205993652344
244,0.5873526135450124,5.6333413,2.838745824803195,0.010623951180096024,236.0548553422858,9.04573263695418,234.76988219771832,-14.351213459279364,0.2723987102508545,0.00041794776916503906
245,0.6377728724706305,5.2262707,2.9580811027247127,0.010292539966555775,236.05500793014394,8.899107293332982,234.76988219771832,-14.351213459279364,0.26897382736206055,0.0003101825714111328
246,0.690426854951629,5.5545444,3.0777680955420195,0.008682598448885531,236.05511474157976,8.746615634662366,234.76988219771832,-14.351213459279364,0.2706027030944824,0.0004012584686279297
247,0.7451942748360871,5.9085393,3.1975092573362653,0.009414287681228761,236.05513000043044,8.588241448423803,234.76988219771832,-14.351213459279364,0.2675957679748535,0.0004429817199707031
248,0.8019782562543082,5.4222956,3.317098381991271,0.00945238922746751,236.0550537064365,8.423979010876854,234.76988219771832,-14.351213459279364,0.2691195011138916,0.0003154277801513672
249,0.8607111576429932,5.243828,3.4364163139616637,0.009624022394936082,236.05500793014394,8.253825455405247,234.76988219771832,-14.351213459279364,0.270153284072876,0.00030303001403808594
250,0.9212879061973197,5.433427,3.5552876217019667,0.009214104323029538,236.05482482458444,8.077788419990972,234.76988219771832,-14.351213459279364,0.27233314514160156,0.00031876564025878906
251,0.9667732308514413,5.447726,3.6419951575038887,0.00940841324422386,236.05450439001754,7.896733398102113,234.76988219771832,-14.351213459279364,0.26813817024230957,0.0003237724304199219
252,0.9611097760887043,5.2536163,3.6313119017700783,0.00856212292398166,236.05406188516412,7.714723223467748,234.76988219771832,-14.351213459279364,0.26740479469299316,0.0002760887145996094
253,0.8991346896960916,5.349206,3.5122824406118562,0.008584922949204809,236.05354308631675,7.537414865884397,234.76988219771832,-14.351213459279364,0.2674736976623535,0.0003046989440917969
254,0.7998821488452058,5.6689734,3.3127606436560164,0.008445728437106875,236.05291747603357,7.369418594196389,234.76988219771832,-14.351213459279364,0.2669048309326172,0.000308990478515625
255,0.6893229004250245,5.2391295,3.0753065203051446,0.00894959670968433,236.0523223831923,7.213076737646641,234.76988219771832,-14.351213459279364,0.27197980880737305,0.0003597736358642578
256,0.5765768182074549,6.415131,2.812584922416794,0.013676699012127608,236.0516967729091,7.06965678675709,234.76988219771832,-14.351213459279364,0.27139973640441895,0.0003101825714111328
257,0.4675453188617117,5.3296986,2.532730103027696,0.014081036250299824,236.05105590377528,6.940000878084859,234.76988219771832,-14.351213459279364,0.281524658203125,0.00037169456481933594
258,0.36628552395083797,4.7048173,2.2417487344940104,0.015212766342099854,236.05036925821912,6.82465930386937,234.76988219771832,-14.351213459279364,0.2773318290710449,0.0003223419189453125
259,0.2921045518532811,4.952675,2.0019176934696934,0.018849525704563837,236.0494689896616,6.722357900637557,234.76988219771832,-14.351213459279364,0.27667975425720215,0.00035834312438964844
260,0.26134744479384187,6.9419646,1.8935910177679631,0.027075945464941447,236.0485534623831,6.627276605212725,234.76988219771832,-14.351213459279364,0.26976609230041504,0.00040984153747558594
261,0.252779150866006,5.738627,1.8622915856228321,0.02263703825133993,236.0475158646884,6.533997357800101,234.76988219771832,-14.351213459279364,0.2686269283294678,0.0003173351287841797
262,0.2583321998615454,5.519159,1.882635860197187,0.032159610678224856,236.04626464399232,6.440011407211117,234.76988219771832,-14.351213459279364,0.27243566513061523,0.00032019615173339844
263,0.27268389632148804,4.8368683,1.9342241487301353,0.033718723256184205,236.04446410687726,6.3435629573062915,234.76988219771832,-14.351213459279364,0.2729365825653076,0.0003020763397216797
264,0.299278026399863,4.8661823,2.0263500492773012,0.034064580794137725,236.0427093461845,6.242880954966369,234.76988219771832,-14.351213459279364,0.2799646854400635,0.00030684471130371094
265,0.3348127703770745,5.0780897,2.143275812762665,0.0268213269220133,236.04020690466263,6.136559144559136,234.76988219771832,-14.351213459279364,0.28339147567749023,0.00041365623474121094
266,0.37403334214275225,5.268265,2.2653338504950127,0.02904413846799663,236.03733825241096,6.02409157780442,234.76988219771832,-14.351213459279364,0.2697582244873047,0.00031304359436035156
267,0.4155727029826075,4.943068,2.3878143740503313,0.025461325742008434,236.03410338904035,5.905563614055229,234.76988219771832,-14.351213459279364,0.2940857410430908,0.0003123283386230469
268,0.4593950613291467,5.0852013,2.5105577550488443,0.02735466414062851,236.03050231493995,5.78101674014664,234.76988219771832,-14.351213459279364,0.2684903144836426,0.0002894401550292969
269,0.5055493094173038,4.890916,2.6336545948938346,0.004267767652108313,236.02682494671592,5.650455721116301,234.76988219771832,-14.351213459279364,0.27331995964050293,0.000301361083984375
270,0.5537534059369249,5.787978,2.756355697194143,0.00815775248350098,236.02278136763238,5.513903923367279,234.76988219771832,-14.351213459279364,0.2738487720489502,0.00031566619873046875
